URL,Start_time,Availability_Status,Response_status,Response_Time(s)
---phase---,---1---,---of---,---get---,---requests---
https://www.google.com,2023-08-16 11:51:11,Available,200,0.62
https://www.facebook.com,2023-08-16 11:51:11,Connection Error,0,0.03
https://www.twitter.com,2023-08-16 11:51:11,Available,200,1.68
https://www.instagram.com,2023-08-16 11:51:11,Unavailable,403,0.08
https://www.linkedin.com,2023-08-16 11:51:11,Unavailable,429,0.34
https://www.youtube.com,2023-08-16 11:51:11,Unavailable,403,0.16
https://www.reddit.com,2023-08-16 11:51:11,Available,200,0.39
https://www.github.com,2023-08-16 11:51:11,Available,200,0.44
https://www.example.com,2023-08-16 11:51:11,Available,200,1.07
https://www.wikipedia.org,2023-08-16 11:51:11,Available,200,0.33
---phase---,---2---,---of---,---get---,---requests---
https://www.google.com,2023-08-16 11:51:17,Available,200,0.57
https://www.facebook.com,2023-08-16 11:51:17,Connection Error,0,0.03
https://www.twitter.com,2023-08-16 11:51:17,Available,200,1.53
https://www.instagram.com,2023-08-16 11:51:17,Unavailable,403,0.07
https://www.linkedin.com,2023-08-16 11:51:17,Unavailable,429,0.28
https://www.youtube.com,2023-08-16 11:51:17,Unavailable,403,0.16
https://www.reddit.com,2023-08-16 11:51:17,Available,200,0.38
https://www.github.com,2023-08-16 11:51:17,Available,200,0.34
https://www.example.com,2023-08-16 11:51:17,Available,200,1.0
https://www.wikipedia.org,2023-08-16 11:51:17,Available,200,0.29
---phase---,---3---,---of---,---get---,---requests---
https://www.google.com,2023-08-16 11:51:24,Available,200,0.57
https://www.facebook.com,2023-08-16 11:51:24,Connection Error,0,0.03
https://www.twitter.com,2023-08-16 11:51:24,Available,200,1.58
https://www.instagram.com,2023-08-16 11:51:24,Unavailable,403,0.07
https://www.linkedin.com,2023-08-16 11:51:24,Unavailable,429,0.28
https://www.youtube.com,2023-08-16 11:51:24,Unavailable,403,0.17
https://www.reddit.com,2023-08-16 11:51:24,Available,200,0.38
https://www.github.com,2023-08-16 11:51:24,Available,200,0.36
https://www.example.com,2023-08-16 11:51:24,Available,200,0.99
https://www.wikipedia.org,2023-08-16 11:51:24,Available,200,0.28
---phase---,---4---,---of---,---get---,---requests---
https://www.google.com,2023-08-16 11:51:31,Available,200,0.58
https://www.facebook.com,2023-08-16 11:51:31,Connection Error,0,0.03
https://www.twitter.com,2023-08-16 11:51:31,Available,200,1.54
https://www.instagram.com,2023-08-16 11:51:31,Unavailable,403,0.07
https://www.linkedin.com,2023-08-16 11:51:31,Unavailable,429,0.28
https://www.youtube.com,2023-08-16 11:51:31,Unavailable,403,0.13
https://www.reddit.com,2023-08-16 11:51:31,Available,200,0.37
https://www.github.com,2023-08-16 11:51:31,Available,200,0.36
https://www.example.com,2023-08-16 11:51:31,Available,200,1.05
https://www.wikipedia.org,2023-08-16 11:51:31,Available,200,0.3
---phase---,---5---,---of---,---get---,---requests---
https://www.google.com,2023-08-16 11:51:37,Available,200,0.57
https://www.facebook.com,2023-08-16 11:51:37,Connection Error,0,0.02
https://www.twitter.com,2023-08-16 11:51:37,Available,200,1.54
https://www.instagram.com,2023-08-16 11:51:37,Unavailable,403,0.06
https://www.linkedin.com,2023-08-16 11:51:37,Unavailable,429,0.33
https://www.youtube.com,2023-08-16 11:51:37,Unavailable,403,0.14
https://www.reddit.com,2023-08-16 11:51:37,Available,200,0.38
https://www.github.com,2023-08-16 11:51:37,Available,200,0.36
https://www.example.com,2023-08-16 11:51:37,Available,200,0.96
https://www.wikipedia.org,2023-08-16 11:51:37,Available,200,0.27
---phase---,---6---,---of---,---get---,---requests---
https://www.google.com,2023-08-16 11:51:58,Available,200,0.58
https://www.facebook.com,2023-08-16 11:51:58,Connection Error,0,0.02
https://www.twitter.com,2023-08-16 11:51:58,Available,200,1.54
https://www.instagram.com,2023-08-16 11:51:58,Unavailable,403,0.07
https://www.linkedin.com,2023-08-16 11:51:58,Available,200,0.43
https://www.youtube.com,2023-08-16 11:51:58,Unavailable,403,0.14
https://www.reddit.com,2023-08-16 11:51:58,Available,200,0.37
https://www.github.com,2023-08-16 11:51:58,Available,200,0.35
https://www.example.com,2023-08-16 11:51:58,Available,200,0.98
https://www.wikipedia.org,2023-08-16 11:51:58,Available,200,0.27
---phase---,---7---,---of---,---get---,---requests---
https://www.google.com,2023-08-16 11:52:05,Available,200,0.58
https://www.facebook.com,2023-08-16 11:52:05,Connection Error,0,0.02
https://www.twitter.com,2023-08-16 11:52:05,Available,200,1.52
https://www.instagram.com,2023-08-16 11:52:05,Unavailable,403,0.07
https://www.linkedin.com,2023-08-16 11:52:05,Unavailable,429,0.32
https://www.youtube.com,2023-08-16 11:52:05,Unavailable,403,0.14
https://www.reddit.com,2023-08-16 11:52:05,Available,200,0.37
https://www.github.com,2023-08-16 11:52:05,Available,200,0.35
https://www.example.com,2023-08-16 11:52:05,Available,200,1.1
https://www.wikipedia.org,2023-08-16 11:52:05,Available,200,0.29
---phase---,---8---,---of---,---get---,---requests---
https://www.google.com,2023-08-16 11:52:11,Available,200,0.58
https://www.facebook.com,2023-08-16 11:52:11,Connection Error,0,0.04
https://www.twitter.com,2023-08-16 11:52:11,Available,200,2.04
https://www.instagram.com,2023-08-16 11:52:11,Unavailable,403,0.09
https://www.linkedin.com,2023-08-16 11:52:11,Available,200,0.41
https://www.youtube.com,2023-08-16 11:52:11,Unavailable,403,0.15
https://www.reddit.com,2023-08-16 11:52:11,Available,200,0.42
https://www.github.com,2023-08-16 11:52:11,Available,200,0.35
https://www.example.com,2023-08-16 11:52:11,Available,200,0.99
https://www.wikipedia.org,2023-08-16 11:52:11,Available,200,0.28
---phase---,---9---,---of---,---get---,---requests---
https://www.google.com,2023-08-16 11:52:18,Available,200,0.57
https://www.facebook.com,2023-08-16 11:52:18,Connection Error,0,0.04
https://www.twitter.com,2023-08-16 11:52:18,Available,200,1.55
https://www.instagram.com,2023-08-16 11:52:18,Unavailable,403,0.07
https://www.linkedin.com,2023-08-16 11:52:18,Available,200,0.44
https://www.youtube.com,2023-08-16 11:52:18,Unavailable,403,0.15
https://www.reddit.com,2023-08-16 11:52:18,Available,200,0.39
https://www.github.com,2023-08-16 11:52:18,Available,200,0.35
https://www.example.com,2023-08-16 11:52:18,Available,200,0.99
https://www.wikipedia.org,2023-08-16 11:52:18,Available,200,0.28
---phase---,---10---,---of---,---get---,---requests---
https://www.google.com,2023-08-16 11:52:25,Available,200,1.11
https://www.facebook.com,2023-08-16 11:52:25,Connection Error,0,0.02
https://www.twitter.com,2023-08-16 11:52:25,Available,200,1.56
https://www.instagram.com,2023-08-16 11:52:25,Unavailable,403,0.06
https://www.linkedin.com,2023-08-16 11:52:25,Unavailable,429,0.28
https://www.youtube.com,2023-08-16 11:52:25,Unavailable,403,0.13
https://www.reddit.com,2023-08-16 11:52:25,Available,200,0.37
https://www.github.com,2023-08-16 11:52:25,Available,200,0.34
https://www.example.com,2023-08-16 11:52:25,Available,200,1.04
https://www.wikipedia.org,2023-08-16 11:52:25,Available,200,0.27
---phase---,---11---,---of---,---get---,---requests---
https://www.google.com,2023-08-16 11:52:42,Available,200,0.58
https://www.facebook.com,2023-08-16 11:52:42,Connection Error,0,0.03
https://www.twitter.com,2023-08-16 11:52:42,Available,200,1.5
https://www.instagram.com,2023-08-16 11:52:42,Unavailable,403,0.07
https://www.linkedin.com,2023-08-16 11:52:42,Available,200,0.39
https://www.youtube.com,2023-08-16 11:52:42,Unavailable,403,0.13
https://www.reddit.com,2023-08-16 11:52:42,Available,200,0.38
https://www.github.com,2023-08-16 11:52:42,Available,200,0.33
https://www.example.com,2023-08-16 11:52:42,Available,200,1.05
https://www.wikipedia.org,2023-08-16 11:52:42,Available,200,0.29
---phase---,---12---,---of---,---get---,---requests---
https://www.google.com,2023-08-16 11:52:48,Available,200,1.88
https://www.facebook.com,2023-08-16 11:52:48,Connection Error,0,0.02
https://www.twitter.com,2023-08-16 11:52:48,Available,200,1.48
https://www.instagram.com,2023-08-16 11:52:48,Unavailable,403,0.06
https://www.linkedin.com,2023-08-16 11:52:48,Unavailable,429,0.28
https://www.youtube.com,2023-08-16 11:52:48,Unavailable,403,0.13
https://www.reddit.com,2023-08-16 11:52:48,Available,200,0.38
https://www.github.com,2023-08-16 11:52:48,Available,200,0.35
https://www.example.com,2023-08-16 11:52:48,Available,200,0.95
https://www.wikipedia.org,2023-08-16 11:52:48,Available,200,0.27
---phase---,---13---,---of---,---get---,---requests---
https://www.google.com,2023-08-16 11:52:55,Available,200,0.58
https://www.facebook.com,2023-08-16 11:52:55,Connection Error,0,0.02
https://www.twitter.com,2023-08-16 11:52:55,Available,200,1.53
https://www.instagram.com,2023-08-16 11:52:55,Unavailable,403,0.07
https://www.linkedin.com,2023-08-16 11:52:55,Unavailable,429,0.28
https://www.youtube.com,2023-08-16 11:52:55,Unavailable,403,0.13
https://www.reddit.com,2023-08-16 11:52:55,Available,200,0.37
https://www.github.com,2023-08-16 11:52:55,Available,200,0.35
https://www.example.com,2023-08-16 11:52:55,Available,200,1.08
https://www.wikipedia.org,2023-08-16 11:52:55,Available,200,0.28
---phase---,---14---,---of---,---get---,---requests---
https://www.google.com,2023-08-16 11:53:02,Available,200,0.59
https://www.facebook.com,2023-08-16 11:53:02,Connection Error,0,0.02
https://www.twitter.com,2023-08-16 11:53:02,Available,200,1.49
https://www.instagram.com,2023-08-16 11:53:02,Unavailable,403,0.06
https://www.linkedin.com,2023-08-16 11:53:02,Unavailable,429,0.28
https://www.youtube.com,2023-08-16 11:53:02,Unavailable,403,0.14
https://www.reddit.com,2023-08-16 11:53:02,Available,200,0.38
https://www.github.com,2023-08-16 11:53:02,Available,200,0.35
https://www.example.com,2023-08-16 11:53:02,Available,200,1.05
https://www.wikipedia.org,2023-08-16 11:53:02,Available,200,0.27
---phase---,---15---,---of---,---get---,---requests---
https://www.google.com,2023-08-16 11:53:08,Available,200,0.6
https://www.facebook.com,2023-08-16 11:53:08,Connection Error,0,0.07
https://www.twitter.com,2023-08-16 11:53:08,Available,200,1.55
https://www.instagram.com,2023-08-16 11:53:08,Unavailable,403,0.11
https://www.linkedin.com,2023-08-16 11:53:08,Unavailable,429,0.37
https://www.youtube.com,2023-08-16 11:53:08,Unavailable,403,0.17
https://www.reddit.com,2023-08-16 11:53:08,Available,200,0.37
https://www.github.com,2023-08-16 11:53:08,Available,200,0.39
https://www.example.com,2023-08-16 11:53:08,Available,200,1.1
https://www.wikipedia.org,2023-08-16 11:53:08,Available,200,0.32
---phase---,---16---,---of---,---get---,---requests---
https://www.google.com,2023-08-16 11:53:24,Available,200,0.61
https://www.facebook.com,2023-08-16 11:53:24,Connection Error,0,0.03
https://www.twitter.com,2023-08-16 11:53:24,Available,200,1.63
https://www.instagram.com,2023-08-16 11:53:24,Unavailable,403,0.07
https://www.linkedin.com,2023-08-16 11:53:24,Unavailable,429,0.29
https://www.youtube.com,2023-08-16 11:53:24,Unavailable,403,0.15
https://www.reddit.com,2023-08-16 11:53:24,Available,200,0.39
https://www.github.com,2023-08-16 11:53:24,Available,200,0.34
https://www.example.com,2023-08-16 11:53:24,Available,200,1.08
https://www.wikipedia.org,2023-08-16 11:53:24,Available,200,0.27
---phase---,---17---,---of---,---get---,---requests---
https://www.google.com,2023-08-16 11:53:34,Available,200,0.56
https://www.facebook.com,2023-08-16 11:53:34,Connection Error,0,0.02
https://www.twitter.com,2023-08-16 11:53:34,Available,200,1.64
https://www.instagram.com,2023-08-16 11:53:34,Unavailable,403,0.06
https://www.linkedin.com,2023-08-16 11:53:34,Unavailable,429,0.32
https://www.youtube.com,2023-08-16 11:53:34,Unavailable,403,0.14
https://www.reddit.com,2023-08-16 11:53:34,Available,200,0.35
https://www.github.com,2023-08-16 11:53:34,Available,200,0.36
https://www.example.com,2023-08-16 11:53:34,Available,200,0.96
https://www.wikipedia.org,2023-08-16 11:53:34,Available,200,0.27
---phase---,---18---,---of---,---get---,---requests---
https://www.google.com,2023-08-16 11:53:41,Available,200,0.56
https://www.facebook.com,2023-08-16 11:53:41,Connection Error,0,0.02
https://www.twitter.com,2023-08-16 11:53:41,Available,200,1.6
https://www.instagram.com,2023-08-16 11:53:41,Unavailable,403,0.06
https://www.linkedin.com,2023-08-16 11:53:41,Unavailable,429,0.29
https://www.youtube.com,2023-08-16 11:53:41,Unavailable,403,0.14
https://www.reddit.com,2023-08-16 11:53:41,Available,200,0.38
https://www.github.com,2023-08-16 11:53:41,Available,200,0.42
https://www.example.com,2023-08-16 11:53:41,Available,200,1.08
https://www.wikipedia.org,2023-08-16 11:53:41,Available,200,0.26
---phase---,---19---,---of---,---get---,---requests---
https://www.google.com,2023-08-16 11:53:48,Available,200,0.56
https://www.facebook.com,2023-08-16 11:53:48,Connection Error,0,0.02
https://www.twitter.com,2023-08-16 11:53:48,Available,200,1.59
https://www.instagram.com,2023-08-16 11:53:48,Unavailable,403,0.06
https://www.linkedin.com,2023-08-16 11:53:48,Unavailable,429,0.28
https://www.youtube.com,2023-08-16 11:53:48,Unavailable,403,0.13
https://www.reddit.com,2023-08-16 11:53:48,Available,200,0.34
https://www.github.com,2023-08-16 11:53:48,Available,200,0.34
https://www.example.com,2023-08-16 11:53:48,Available,200,1.03
https://www.wikipedia.org,2023-08-16 11:53:48,Available,200,0.27
